<?xml version="1.0"?>
<config xmlns:xsi="http://www.w3.org/2001/XMLSchema-instance" xsi:noNamespaceSchemaLocation="urn:magento:framework:Event/etc/events.xsd">
   
    <event name="checkout_submit_all_after">
        <observer name="place_order_after" instance="Noventaynueveminutos\NextDay\Observer\Orderplaceafter" />
    </event>

    <event name="checkout_cart_save_after">
        <observer name="CartWeigth" instance="Noventaynueveminutos\NextDay\Observer\CartWeight" />
    </event>

    <event name="sales_order_place_before">
        <observer name="zipCode" instance="Noventaynueveminutos\NextDay\Observer\Zipcode" />
    </event>


</config>