<?xml version="1.0"?>
<config xmlns:xsi="http://www.w3.org/2001/XMLSchema-instance" xsi:noNamespaceSchemaLocation="../../../../Magento/Config/etc/system_file.xsd">
<system>
<section id="carriers" translate="label" type="text" sortOrder="1" showInDefault="1" showInWebsite="1" showInStore="1">
<group id="Noventaynueveminutos_Noventaynueveminutos" translate="label" type="text" sortOrder="2" showInDefault="1" showInWebsite="1" showInStore="1">
<label>99 minutos - 99 minutos</label>

<field id="active" translate="label" type="select" sortOrder="1" showInDefault="1" showInWebsite="1" showInStore="0">
<label>Enabled</label>
<source_model>Magento\Config\Model\Config\Source\Yesno</source_model>
</field>

<field id="price" translate="label" type="text" sortOrder="3" showInDefault="1" showInWebsite="1" showInStore="0">
<label>Costo de envío</label>
<validate>validate-number validate-zero-or-greater</validate>
</field>


</group>
</section>
</system>
</config>